filename,risk_score,risk_bucket,page_count,total_sections,scanned_page_ratio,total_chars_log,financial_char_ratio,timeline_char_ratio,scope_char_ratio,clearances_char_ratio,technical_char_ratio,other_char_ratio,has_financials,has_timeline,has_scope,has_clearances,has_technical,financial_numeric_density,clearance_keyword_density,timeline_numeric_density,section_balance_std,avg_section_length_log,num_financial_sections,num_clearance_sections
67e4f95907b21state-data-centre-dpr.pdf,13.37,low,52.0,36.0,0.0,11.239159446844907,0.05255752794214333,0.0057330703484549635,0.2570282708744247,0.034543063773833003,0.5265614727153188,0.12357659434582513,1.0,1.0,1.0,1.0,1.0,22.494376405898524,0.7613247049866769,2.288329519450801,0.19682240953459657,7.656100620006844,5.0,1.0
89CD8EE8DBC649418F4682CAD69F0F1F.pdf,23.18,low,31.0,26.0,0.06451612903225806,10.454177912797071,0.40209870848708484,0.22001845018450183,0.04413630073800738,0.0002594557195571956,0.32319534132841327,0.01029174354243545,1.0,1.0,1.0,0.0,1.0,42.91753242100738,0.0,1.7026850032743943,0.15529991128459353,7.196801804759345,10.0,1.0
Aonla_DPR.pdf,37.61,medium,136.0,40.0,0.058823529411764705,11.751264970706382,0.1394498593524698,0.0,0.4586055014064753,0.028712582635348625,0.36629029335056296,0.006941763255143285,1.0,0.0,1.0,1.0,1.0,0.734131466004066,0.27434842249657065,0.0,0.18304388997438875,8.062692764090597,11.0,2.0
Bhopal DPR.pdf,12.25,low,242.0,154.0,0.0,12.881890537568298,0.26409277409081544,0.04044748897938834,0.26310581567788527,0.05445314109689744,0.3777507014272741,0.0001500787277394222,1.0,1.0,1.0,1.0,1.0,3.3403927608779362,1.2141589614271038,4.522328999434709,0.1313974329473241,7.845327045660602,59.0,8.0
BridgesDPRTemplate (1).pdf,13.5,low,14.0,16.0,0.0,9.692766521220475,0.2812519291314279,0.047348601765541086,0.1502561886536206,0.2617445521328477,0.2477930736465214,0.011605654670041377,1.0,1.0,1.0,1.0,1.0,0.0,1.6505541145956144,0.0,0.08769082221120046,6.921103296501637,3.0,2.0
BridgesDPRTemplate.pdf,13.5,low,14.0,16.0,0.0,9.692766521220475,0.2812519291314279,0.047348601765541086,0.1502561886536206,0.2617445521328477,0.2477930736465214,0.011605654670041377,1.0,1.0,1.0,1.0,1.0,0.0,1.6505541145956144,0.0,0.08769082221120046,6.921103296501637,3.0,2.0
Carnation_DPR.pdf,37.26,medium,130.0,37.0,0.038461538461538464,11.445203214473848,0.16438561385110914,0.0,0.27556687461878415,0.06348781714481386,0.4881274678708628,0.008432226514430097,1.0,0.0,1.0,1.0,1.0,0.78064012490242,0.16849199663016007,0.0,0.1724050639402324,7.834670452149994,11.0,3.0
DPR-West-Bengal.pdf,22.97,low,128.0,125.0,0.0,12.607429325593795,0.20329083673339604,0.2431376749261135,0.4961726283516697,0.0,0.05693027054346334,0.00046858944535743685,1.0,1.0,1.0,0.0,1.0,5.328947368421053,0.0,0.5367834285321038,0.1732390359940427,7.779530537165039,64.0,0.0
DPR1.pdf,70.46,high,140.0,1.0,0.05714285714285714,10.108711502547386,0.0,0.0,0.0,0.0,0.0,1.0,0.0,0.0,0.0,0.0,0.0,0.0,0.0,0.0,0.0,10.108711502547386,0.0,0.0
DPR10.pdf,24.2,low,31.0,42.0,0.06451612903225806,10.323545662947193,0.5978975032851511,0.09004599211563732,0.06432325886990801,0.0,0.244053876478318,0.0036793692509855536,1.0,1.0,1.0,0.0,1.0,41.05604039738734,0.0,6.193078324225865,0.21482947727685006,6.587222006162427,20.0,0.0
DPR11.pdf,27.8,low,395.0,67.0,0.0,13.437020820823534,0.009344511705460991,0.007636218159306403,0.08610675520591507,0.018119592228870454,0.8736578215023054,0.005135101198141645,1.0,1.0,1.0,1.0,1.0,0.0,0.40280351244662854,1.5293442936341044,0.33858974595813435,9.232424561926008,3.0,4.0
DPR2.pdf,70.3,high,213.0,1.0,0.03755868544600939,9.336532397213942,0.0,0.0,0.0,0.0,0.0,1.0,0.0,0.0,0.0,0.0,0.0,0.0,0.0,0.0,0.0,9.336532397213942,0.0,0.0
DPR3.pdf,71.68,high,38.0,1.0,0.21052631578947367,9.317938382574201,0.0,0.0,0.0,0.0,0.0,1.0,0.0,0.0,0.0,0.0,0.0,0.0,0.0,0.0,0.0,9.317938382574201,0.0,0.0
DPR4.pdf,70.0,high,5.0,1.0,0.0,8.87066300440602,0.0,0.0,0.0,0.0,0.0,1.0,0.0,0.0,0.0,0.0,0.0,0.0,0.0,0.0,0.0,8.87066300440602,0.0,0.0
DPR5.pdf,31.62,medium,33.0,19.0,0.06060606060606061,10.357933282865915,0.39784161244246946,0.17997143310585623,0.0,0.0,0.4181558482780511,0.004031106173623233,1.0,1.0,0.0,0.0,1.0,44.65709728867624,0.0,2.645036148827367,0.18282842846788838,7.4140654603071,7.0,0.0
DPR6.pdf,31.4,medium,39.0,21.0,0.05128205128205128,10.505697478103938,0.3439023054597229,0.17362137889491266,0.0,0.0,0.4275231367394995,0.05495317890586493,1.0,1.0,0.0,0.0,1.0,43.768900206907524,0.0,2.2078536508437154,0.17468057278669435,7.461722490644646,7.0,0.0
DPR7.pdf,23.26,low,32.0,21.0,0.0625,10.454927149187373,0.3986576021201821,0.1936106470012099,0.04413205046955119,0.0,0.3599988477271418,0.003600852681915012,1.0,1.0,1.0,0.0,1.0,43.26159179546439,0.0,1.7851829812555786,0.1608710803399517,7.410980665403558,8.0,0.0
DPR8.pdf,31.64,medium,28.0,18.0,0.07142857142857142,10.2360951883409,0.38496289125524363,0.2000286830877344,0.0,0.0,0.4139686637266502,0.0010397619303718075,1.0,1.0,0.0,0.0,1.0,47.933730454207,0.0,3.225806451612903,0.17888188550002068,7.346332738540504,8.0,0.0
DPR9.pdf,24.06,low,32.0,35.0,0.09375,10.505149727973846,0.39195112596570053,0.07503698427483425,0.05835296696071448,0.0,0.47107007835187115,0.003588844446879569,1.0,1.0,1.0,0.0,1.0,32.0485965647256,0.0,5.4684651841049945,0.19287368065356014,6.950732663265806,16.0,0.0
DPR_Format.pdf,55.33,medium,19.0,8.0,0.0,9.9400123272185,0.3064166224750518,0.0,0.0036638866123511545,0.0,0.4636744925999132,0.22624499831268385,1.0,0.0,0.0,0.0,1.0,0.15725743041358703,0.0,0.0,0.19450411057593917,7.860908175588858,4.0,0.0
DPR_REVISED.pdf,26.76,low,27.0,25.0,0.037037037037037035,10.621961291042082,0.18581352833638026,0.0,0.057038391224862886,0.04697135892748324,0.7046678854357099,0.005508836075563739,1.0,0.0,1.0,1.0,1.0,4.0607807178412365,0.5186721991701245,0.0,0.26028470861174635,7.403670290012373,12.0,2.0
DPR_Submitted.pdf,22.73,low,108.0,27.0,0.0,12.078239274020289,0.12031886544809914,0.10658015102358537,0.35275200427275155,0.0,0.419780794209058,0.0005681850465059091,1.0,1.0,1.0,0.0,1.0,3.729229607250755,0.0,4.531399936027295,0.15919362998054404,8.782550124378089,9.0,0.0
DPR_VOL_II_26_10_2022.pdf,26.41,low,281.0,205.0,0.0,13.482203307486218,0.021297915425183764,0.008320435866912102,0.2059761439901528,0.06672676955797859,0.694600090154337,0.003078645005435754,1.0,1.0,1.0,1.0,1.0,0.13103583830177554,0.3972319207208714,0.0,0.25733259107883827,8.15947798533806,3.0,19.0
DesignReport.pdf,58.13,medium,178.0,30.0,0.016853932584269662,12.619125559953261,0.0,0.0,0.021678289290865543,0.0,0.9768628177475487,0.0014588929615857449,0.0,0.0,1.0,0.0,1.0,0.0,0.0,0.0,0.38866799313428385,9.218024109644027,0.0,0.0
Detailed Project Report (DPR) on Capacity Building_0_0.pdf,26.99,low,25.0,21.0,0.0,10.52921205677864,0.3714797678585756,0.0011500093605413067,0.16257923029606056,0.03230723971009066,0.4315209542403252,0.000962798534406617,1.0,0.0,1.0,1.0,1.0,1.5827338129496402,2.4834437086092715,46.51162790697675,0.17439585561427498,7.485224349831019,11.0,1.0
Detailed-Project-Report-DPR.pdf,25.62,low,112.0,62.0,0.0,12.132921138894364,0.21131200542253256,0.058986180073268744,0.12904336412198547,0.0015385360237988928,0.5982968513806478,0.0008230629777665754,1.0,1.0,1.0,1.0,1.0,0.12723941368078176,0.0,1.823320266204759,0.2112225849992916,8.006114847547169,16.0,1.0
DraftDPR.pdf,26.76,low,225.0,61.0,0.035555555555555556,12.598445759592032,0.10261839870042587,0.0262380233504561,0.15179147374002439,0.004893666602498506,0.7105914615818465,0.003866976024748614,1.0,1.0,1.0,1.0,1.0,0.9869070333574578,0.0,0.6433350488934637,0.2610622891481543,8.487774510504781,14.0,1.0
Pali_23.pdf,35.32,medium,154.0,58.0,0.05194805194805195,12.305347682164097,0.48370330461396366,0.056647937955295574,0.2050092134393973,9.507726159376656e-05,0.2536932988640531,0.0008511678656966115,1.0,1.0,1.0,0.0,1.0,1.347557551937114,0.0,1.838235294117647,0.16965097968549386,8.245162704008965,24.0,3.0
Sutlej Volume-I.pdf,23.93,low,756.0,157.0,0.010582010582010581,14.28816753895681,0.20894872993610722,0.1583973819541842,0.31193330216612125,0.013122642979585476,0.2947202742714664,0.012877668692535482,1.0,1.0,1.0,1.0,1.0,1.9090572836501174,0.5699900251745594,2.9749958680612942,0.10789052950500705,9.232018970521954,39.0,2.0
Swargate-Katraj DPR.pdf,12.64,low,529.0,216.0,0.011342155009451797,13.710288921551168,0.21391830458914549,0.029551484017757552,0.23987917220294092,0.058043114059840646,0.4447676097959837,0.013840315334331721,1.0,1.0,1.0,1.0,1.0,4.713797722010528,0.8611286526207016,2.968697155311713,0.14890358866335787,8.335249341060003,74.0,12.0
dpr_kalpetta_3.pdf,34.81,medium,162.0,73.0,0.0,11.883046602305937,0.34166033565854,0.0,0.36050832239795566,0.0,0.2942123074797983,0.003619034463706039,1.0,0.0,1.0,0.0,1.0,34.394955945356074,0.0,0.0,0.16413647471325468,7.5930843060371815,16.0,0.0
final-report-of-the-study-team-on-estimation-of-dpr-etc-dt-18122025.pdf,26.62,low,85.0,36.0,0.09411764705882353,10.757881603870102,0.6273883995063619,0.0,0.15928337376058554,0.039086769649772334,0.1344099748925486,0.039831482190731626,1.0,0.0,1.0,1.0,1.0,10.132501948558067,0.544069640914037,0.0,0.22547571815411488,7.1751070849606675,24.0,2.0
tor_dpr.pdf,25.86,low,108.0,171.0,0.0,11.979372778013186,0.16488637717884225,0.01071309845638552,0.15496358926432124,0.03513118527764362,0.6323048842445949,0.0020008655782125517,1.0,1.0,1.0,1.0,1.0,0.11398176291793313,1.070472792149866,0.5841121495327103,0.22501520580291284,6.83877493874499,33.0,5.0
